station id,depth,Water C,DO MG/L,SPC,TDS mg/L,PH,,,,,,,,,,,,,,
2019,,,,,,,,,,,,,,,,,,,,
DWH,0,10.9,123.7x,46.90,30.55,6.53,date/time:,2019/Mar/28 13:45,,,,,,,,,,,,
,1,9.7,129.6x,46.90,30.55,6.60,weather:,"calm, sunny, some clouds, light wind",,,,,,,,,,,,
,2,9.4,117.4x,46.90,30.55,6.58,people:,"Mary Claire, Gina",,,,,,,,,,,,
,3,8.2,119.9x,47.10,30.55,6.45,air temp (C):, 	13.0 ,,,,,,,,,,,,
,4,6.9,116.5x,47.00,30.55,6.38,secchi 1 (m):, 	3.9 ,,,,,,,,,,,,
,5,5.8,113.5x,47.20,30.55,6.36,secchi 2 (m):, 	3.9 ,,,,,,,,,,,,
,6,5.3,108.8x,47.10,30.55,6.35,Nitrogen (ug/L):, 	0.3910 ,,,,,,,,,,,,
,7,5.0,106.2x,47.20,30.55,6.32,Phosporus (ug/L):, 	0.0214 ,,,,,,,,,,,,
,8,4.9,103.2x,47.10,30.55,6.30,,,,,,,,,,,,,,
,9,4.9,103.3x,47.20,30.55,6.28,DATA NOTES,"""x"" note:DO recorded in %",,,,,,,,,,,,
,10,4.9,103.1x,47.10,30.55,6.27,,,,,,,,,,,,,,
,11,4.9,100.9x,47.10,30.55,6.25,,,,,,,,,,,,,,
,12,4.9,100.8x,47.20,30.55,6.24,,,,,,,,,,,,,,
,,,,,,,,,,,,,,,,,,,,
DWH,0,11.6,12.60,46.80,30.55,7.05,date/time:,2019/Apr/28 11:45,,,,,,,,,,,,
,1,11.5,12.60,46.70,30.55,6.89,weather:,"calm, sunny",,,,,,,,,,,,
,2,11.2,12.50,46.70,30.55,6.93,people:,"Andrew Smith, Gina Trzesicka",,,,,,,,,,,,
,3,11.1,12.40,46.70,30.55,6.89,air temp (C):, 	11.2 ,,,,,,,,,,,,
,4,11.1,12.45,46.70,30.55,6.87,secchi 1 (m):, 	3.8 ,,,,,,,,,,,,
,5,11.0,12.20,46.70,30.55,6.84,secchi 2 (m):, 	3.0 ,,,,,,,,,,,,
,6,10.8,12.30,46.70,30.55,6.82,Nitrogen (ug/L):, 	0.2430 ,,,,,,,,,,,,
,7,10.7,12.25,46.70,30.55,6.79,Phosporus (ug/L):, 	0.0120 ,,,,,,,,,,,,
,8,9.2,12.09,47.00,30.55,6.81,,,,,,,,,,,,,,
,9,8.0,11.45,47.30,30.55,6.71,DATA NOTES,,,,,,,,,,,,,
,10,7.3,11.15,47.30,30.55,6.59,,,,,,,,,,,,,,
,11,7.1,10.80,47.40,30.55,6.46,,,,,,,,,,,,,,
,12,7.0,7.10,47.40,30.55,6.38,,,,,,,,,,,,,,
,,,,,,,,,,,,,,,,,,,,
DWH,0,19.1,9.70,46.70,30.55,6.75,date/time:,2019/May/21 11:00,,,,,,,,,,,,
,1,19.0,9.27,46.70,30.55,6.84,weather:,"Windy, cloudy",,,,,,,,,,,,
,2,18.9,9.30,47.00,30.55,6.89,people:,"Gina Trzesicka, Ania Jasiak (Gina's guest)",,,,,,,,,,,,
,3,19.0,8.95,46.60,30.55,6.92,air temp (C):, 	18.6 ,,,,,,,,,,,,
,4,16.0,10.73,46.20,29.90,7.03,secchi 1 (m):, 	3.1 ,,,,,,,,,,,,
,5,14.0,11.30,46.20,29.90,6.93,secchi 2 (m):, 	3.1 ,,,,,,,,,,,,
,6,12.9,11.01,45.80,29.90,6.72,Nitrogen (ug/L):, 	0.2550 ,,,,,,,,,,,,
,7,11.1,9.92,45.60,29.25,6.47,Phosporus (ug/L):, 	0.0062 ,,,,,,,,,,,,
,8,10.4,9.83,46.10,29.90,6.36,,,,,,,,,,,,,,
,9,9.3,8.52,46.10,29.90,6.19,DATA NOTES,,,,,,,,,,,,,
,10,9.6,8.10,45.70,29.90,6.13,,,,,,,,,,,,,,
,11,8.9,7.60,46.20,30.55,6.06,,,,,,,,,,,,,,
,12,8.7,6.89,46.10,29.90,6.01,,,,,,,,,,,,,,
,,,,,,,,,,,,,,,,,,,,
DWH,0,24.0,9.28,49.50,31.85,7.25,date/time:,2019/Jun/16 15:50,,,,,,,,,,,,
,1,23.8,9.05,28.30,31.20,6.93,weather:,"sunny light breeze, hazy",,,,,,,,,,,,
,2,23.4,8.95,48.10,31.20,6.76,people:,"Akshara Sangiorgio, Gina",,,,,,,,,,,,
,3,22.7,8.92,48.20,31.20,6.69,air temp (C):, 	30.0 ,,,,,,,,,,,,
,4,22.4,8.90,48.00,31.20,6.62,secchi 1 (m):, 	4.5 ,,,,,,,,,,,,
,5,18.0,10.86,46.40,29.90,6.83,secchi 2 (m):, 	6.6 ,,,,,,,,,,,,
,6,14.2,12.91,46.50,29.25,6.69,Nitrogen (ug/L):, 	0.1800 ,,,,,,,,,,,,
,7,12.5,11.89,45.40,29.90,6.55,Phosporus (ug/L):, 	0.0057 ,,,,,,,,,,,,
,8,11.3,9.57,46.20,29.90,6.41,,,,,,,,,,,,,,
,9,10.0,7.86,46.30,29.90,6.25,DATA NOTES,,,,,,,,,,,,,
,10,9.4,5.78,46.00,30.55,6.09,,,,,,,,,,,,,,
,11,9.5,4.16,46.40,30.55,5.95,,,,,,,,,,,,,,
,12,9.4,3.79,46.60,30.55,5.88,,,,,,,,,,,,,,
,,,,,,,,,,,,,,,,,,,,
DWH,0,25.5,9.54,49.00,31.85,7.15,date/time:,2019/Jul/16 18:00,,,,,,,,,,,,
,1,25.2,9.34,48.90,31.85,7.24,weather:,na,,,,,,,,,,,,
,2,25.2,9.42,49.00,31.85,7.23,people:,"Akshara Sangiorgio, Gina",,,,,,,,,,,,
,3,25.0,9.62,48.90,31.85,7.27,air temp (C):, 	21.2 ,,,,,,,,,,,,
,4,24.0,9.92,48.50,31.85,7.28,secchi 1 (m):, 	6.2 ,,,,,,,,,,,,
,5,22.4,10.29,48.60,31.85,7.31,secchi 2 (m):, 	5.3 ,,,,,,,,,,,,
,6,19.0,12.64,47.50,31.20,7.32,Nitrogen (ug/L):, 	0.1760 ,,,,,,,,,,,,
,7,15.0,12.45,46.70,29.90,7.19,Phosporus (ug/L):,<0.0030,,,,,,,,,,,,
,8,12.3,9.99,47.10,30.55,6.86,,,,,,,,,,,,,,
,9,10.8,7.63,47.10,30.55,6.50,DATA NOTES,,,,,,,,,,,,,
,10,9.9,4.62,48.20,31.20,6.27,,,,,,,,,,,,,,
,11,9.7,3.11,49.10,31.85,6.13,,,,,,,,,,,,,,
,12,9.8,2.32,49.40,32.50,6.03,,,,,,,,,,,,,,
,,,,,,,,,,,,,,,,,,,,
DWH,0,25.7,8.93,49.30,31.85,6.84,date/time:,2019/Aug/13 15:45,,,,,,,,,,,,
,1,25.0,8.49,49.30,31.85,6.79,weather:,"morning rain, afternoon sunny, no breeze, a bit muggy",,,,,,,,,,,,
,2,24.6,8.52,49.40,31.85,6.72,people:,"Gina, Autumn (FOCI summer student0",,,,,,,,,,,,
,3,24.6,8.26,49.00,31.85,6.68,air temp (C):, 	27.4 ,,,,,,,,,,,,
,4,24.3,8.50,49.00,31.85,6.66,secchi 1 (m):, 	7.4 ,,,,,,,,,,,,
,5,23.7,8.45,48.80,31.85,6.64,secchi 2 (m):, 	5.4 ,,,,,,,,,,,,
,6,21.3,9.60,48.00,31.20,6.65,Nitrogen (ug/L):, 	0.2030 ,,,,,,,,,,,,
,7,16.7,9.50,46.60,31.55,6.40,Phosporus (ug/L):, 	0.0140 ,,,,,,,,,,,,
,8,13.2,5.73,47.50,31.20,6.06,,,,,,,,,,,,,,
,9,11.7,3.60,47.80,31.20,5.87,DATA NOTES,,,,,,,,,,,,,
,10,11.0,1.63,49.50,31.85,5.75,,,,,,,,,,,,,,
,11,10.2,1.24,52.90,34.45,5.72,,,,,,,,,,,,,,
,12,10.5,1.17,53.90,35.10,5.72,,,,,,,,,,,,,,
,,,,,,,,,,,,,,,,,,,,
DWH,0,21.0,8.55,48.90,31.85,6.52,date/time:,2019/Sep/16 14:00,,,,,,,,,,,,
,1,20.7,8.81,49.70,31.85,6.44,weather:,"sunny, windy, some clouds",,,,,,,,,,,,
,2,20.7,8.86,48.60,31.20,6.28,people:,"Gina, Autumn",,,,,,,,,,,,
,3,20.5,8.64,48.40,31.85,6.30,air temp (C):, 	19.0 ,,,,,,,,,,,,
,4,20.3,9.97,48.40,31.85,6.29,secchi 1 (m):, 	4.3 ,,,,,,,,,,,,
,5,20.3,8.84,48.20,31.85,6.30,secchi 2 (m):, 	6.9 ,,,,,,,,,,,,
,6,20.2,8.79,48.70,31.85,6.25,Nitrogen (ug/L):, 	0.1690 ,,,,,,,,,,,,
,7,20.0,8.41,47.70,31.85,6.29,Phosporus (ug/L):, 	0.0069 ,,,,,,,,,,,,
,8,14.6,6.00,48.00,31.20,6.18,,,,,,,,,,,,,,
,9,11.9,3.11,49.20,32.85,5.82,DATA NOTES,,,,,,,,,,,,,
,10,19.8,1.65,55.40,36.40,5.61,,,,,,,,,,,,,,
,11,10.0,1.30,60.00,38.35,5.53,,,,,,,,,,,,,,
,12,9.9,1.22,61.10,39.65,5.53,,,,,,,,,,,,,,
,,,,,,,,,,,,,,,,,,,,
DWH,0,na,na,na,na,na,date/time:,2019/Nov/05 13:30,,,,,,,,,,,,
,1,12.1,97.8x,47.40,31.20,z,weather:,"overcast, no breeze",,,,,,,,,,,,
,2,11.9,96.6x,47.40,31.20,z,people:,Carrie and Max,,,,,,,,,,,,
,3,11.9,89x,47.20,31.20,z,air temp (C):,na,,,,,,,,,,,,
,4,11.7,88.2x,47.60,30.55,z,secchi 1 (m):, 	4.6 ,,,,,,,,,,,,
,5,11.6,90.6x,47.20,30.55,z,secchi 2 (m):, 	5.3 ,,,,,,,,,,,,
,6,11.7,89x,47.40,30.55,z,Nitrogen (ug/L):, 	0.2390 ,,,,,,,,,,,,
,7,11.6,88.8x,47.40,30.55,z,Phosporus (ug/L):, 	0.0130 ,,,,,,,,,,,,
,8,11.6,88.8x,47.30,31.20,z,,,,,,,,,,,,,,
,9,11.6,88.8x,47.80,31.20,z,DATA NOTES,"""x"" = DO in percent",,,,,,,,,,,,
,10,11.6,87.4x,47.50,31.20,z,,"""z"" = PH not measured, not calibrated",,,,,,,,,,,,
,11,11.6,87.6x,47.60,31.20,z,,"""na"" = not measured",,,,,,,,,,,,
,12,11.5,82.3x,47.00,30.55,z,,,,,,,,,,,,,,
,,,,,,,,,,,,,,,,,,,,
DWH,0,na,na,na,na,na,date/time:,2019/Dec/15 11:35,,,,,,,,,,,,
,1,8.3,11.40,48.00,31.20,6.99,weather:,clear,,,,,,,,,,,,
,2,7.9,10.10,47.40,31.00,6.89,people:,na,,,,,,,,,,,,
,3,7.8,10.00,47.60,30.00,6.90,air temp (C):, 	15.0 ,,,,,,,,,,,,
,4,7.9,10.64,47.60,31.20,6.91,secchi 1 (m):, 	6.1 ,,,,,,,,,,,,
,5,7.7,9.80,47.50,31.20,6.94,secchi 2 (m):, 	5.3 ,,,,,,,,,,,,
,6,7.9,9.78,47.50,31.20,6.96,Nitrogen (ug/L):, 	0.3100 ,,,,,,,,,,,,
,7,7.9,9.84,47.60,31.20,6.99,Phosporus (ug/L):, 	0.0120 ,,,,,,,,,,,,
,8,7.9,11.70,47.40,31.20,7.00,,,,,,,,,,,,,,
,9,7.9,11.80,47.50,31.20,7.01,DATA NOTES,"""na"" = not measured",,,,,,,,,,,,
,10,8.0,12.03,47.70,31.20,7.02,,,,,,,,,,,,,,
,11,7.6,11.20,47.60,31.20,7.02,,,,,,,,,,,,,,
,12,7.6,11.30,47.60,31.20,7.02,,,,,,,,,,,,,,
,,,,,,,,,,,,,,,,,,,,
2020,,,,,,,,,,,,,,,,,,,,
DWH,0,4.9,14.91,46.40,30.55,7.21,date/time:,2020/Jan/21 14:15,,,,,,,,,,,,
,1,4.9,16.00,46.70,30.55,7.32,weather:,"wind, drizzle, recent melt",,,,,,,,,,,,
,2,4.9,16.19,47.70,29.90,7.02,people:,na,,,,,,,,,,,,
,3,4.7,14.99,47.80,30.55,6.93,air temp (C):, 	5.6 ,,,,,,,,,,,,
,4,4.9,15.20,46.30,30.55,6.90,secchi 1 (m):, 	4.1 ,,,,,,,,,,,,
,5,4.9,15.01,46.80,30.55,6.91,secchi 2 (m):, 	4.1 ,,,,,,,,,,,,
,6,4.7,15.01,46.50,30.55,6.93,Nitrogen (ug/L):, 	0.2750 ,,,,,,,,,,,,
,7,4.6,14.81,46.60,30.55,6.94,Phosporus (ug/L):, 	0.0140 ,,,,,,,,,,,,
,8,4.7,14.50,46.30,30.55,7.01,,,,,,,,,,,,,,
,9,4.7,14.92,46.90,30.55,7.05,DATA NOTES,,,,,,,,,,,,,
,10,4.7,14.78,46.50,30.55,7.10,,,,,,,,,,,,,,
,11,4.8,14.80,46.80,30.55,7.13,,,,,,,,,,,,,,
,12,4.8,14.85,46.40,30.55,7.17,,,,,,,,,,,,,,
,,,,,,,,,,,,,,,,,,,,
DWH,0,4.8,13.98,47.10,30.55,7.78,date/time:,2020/Feb/23 11:00,,,,,,,,,,,,
,1,4.8,13.70,47.20,30.55,6.84,weather:,"windy, sunny+clouds",,,,,,,,,,,,
,2,4.8,13.57,47.10,30.55,6.60,people:,Max and Heidi,,,,,,,,,,,,
,3,4.8,13.53,47.10,30.55,6.48,air temp (C):, 	7.1 ,,,,,,,,,,,,
,4,4.8,13.46,47.10,30.55,6.41,secchi 1 (m):, 	3.2 ,,,,,,,,,,,,
,5,4.8,13.39,47.10,30.55,6.37,secchi 2 (m):, 	3.1 ,,,,,,,,,,,,
,6,4.8,13.35,47.20,30.55,6.34,Nitrogen (ug/L):, 	0.2980 ,,,,,,,,,,,,
,7,4.8,13.33,47.10,30.55,6.34,Phosporus (ug/L):, 	0.0070 ,,,,,,,,,,,,
,8,4.8,13.33,47.10,30.55,6.35,,,,,,,,,,,,,,
,9,4.8,13.33,47.10,30.55,6.36,DATA NOTES,,,,,,,,,,,,,
,10,4.8,13.27,47.10,30.55,6.39,,,,,,,,,,,,,,
,11,4.8,13.27,47.10,30.55,6.39,,,,,,,,,,,,,,
,12,4.8,13.27,47.10,30.55,6.39,,,,,,,,,,,,,,
,,,,,,,,,,,,,,,,,,,,
DWH,0,8.1,14.38,47.00,30.55,6.42,date/time:,2020/Mar/26 11:30,,,,,,,,,,,,
,1,8.0,14.34,46.80,30.55,6.44,weather:,"overcast, rain, no wind",,,,,,,,,,,,
,2,8.0,13.96,46.70,30.55,6.47,people:,Max and Carrie,,,,,,,,,,,,
,3,7.9,13.54,46.80,30.55,6.50,air temp (C):, 	12.6 ,,,,,,,,,,,,
,4,7.5,13.60,46.80,30.55,6.51,secchi 1 (m):, 	3.2 ,,,,,,,,,,,,
,5,7.0,13.25,46.80,30.55,6.49,secchi 2 (m):, 	3.0 ,,,,,,,,,,,,
,6,6.9,13.29,46.90,30.55,6.43,Nitrogen (ug/L):, 	0.3030 ,,,,,,,,,,,,
,7,6.5,13.32,46.90,30.55,6.41,Phosporus (ug/L):, 	0.0100 ,,,,,,,,,,,,
,8,6.2,13.17,46.90,30.55,6.35,,,,,,,,,,,,,,
,9,5.9,12.3x,47.00,30.55,6.33,DATA NOTES,"""x""=unstable DO",,,,,,,,,,,,
,10,5.7,12.35,47.00,30.55,6.33,,"April -- It looked like algae bloom, water samples were taken by Carrie and sent to lab by 8 Lane",,,,,,,,,,,,
,11,5.7,12.30,47.00,30.55,6.33,,,,,,,,,,,,,,
,12,5.6,12.34,47.00,30.55,6.33,,,,,,,,,,,,,,
,,,,,,,,,,,,,,,,,,,,
DWH,0,14.0,11.90,47.00,30.55,7.08,date/time:,2020/May/05 11:00,,,,,,,,,,,,
,1,13.7,11.55,47.10,30.55,6.91,weather:,"sunny, calm",,,,,,,,,,,,
,2,13.4,10.90,47.00,30.55,6.81,people:,Gina and Carrie,,,,,,,,,,,,
,3,13.2,10.80,47.00,30.55,6.77,air temp (C):,na,,,,,,,,,,,,
,4,13.1,10.90,47.00,30.55,6.76,secchi 1 (m):, 	4.6 ,,,,,,,,,,,,
,5,12.3,12.10,47.00,30.55,6.93,secchi 2 (m):, 	4.4 ,,,,,,,,,,,,
,6,10.1,12.03,47.20,30.55,6.51,Nitrogen (ug/L):, 	0.2200 ,,,,,,,,,,,,
,7,8.2,11.17,47.40,30.55,6.26,Phosporus (ug/L):, 	0.0040 ,,,,,,,,,,,,
,8,7.8,11.18,47.20,30.55,6.19,,,,,,,,,,,,,,
,9,7.6,10.25,47.40,30.55,6.12,DATA NOTES,,,,,,,,,,,,,
,10,7.5,10.50,47.40,30.55,6.08,,,,,,,,,,,,,,
,11,7.4,9.57,47.50,30.28,6.05,,,,,,,,,,,,,,
,12,6.9,9.36,47.60,31.20,6.03,,,,,,,,,,,,,,
,,,,,,,,,,,,,,,,,,,,
DWH,0,20.1,9.72,47.80,31.55,7.15,date/time:,2020/May/31 16:00,,,,,,,,,,,,
,1,19.9,9.71,47.10,30.55,7.07,weather:,"sunny, light wind",,,,,,,,,,,,
,2,19.3,9.90,47.00,30.55,7.15,people:,Gina and Ziemek (Gina's son),,,,,,,,,,,,
,3,19.0,9.64,47.00,30.55,7.14,air temp (C):, 	18.9 ,,,,,,,,,,,,
,4,18.0,10.35,46.50,30.55,7.23,secchi 1 (m):, 	4.5 ,,,,,,,,,,,,
,5,16.4,11.11,45.60,30.55,7.12,secchi 2 (m):, 	5.3 ,,,,,,,,,,,,
,6,13.6,13.66,45.90,30.55,7.23,Nitrogen (ug/L):, 	0.2040 ,,,,,,,,,,,,
,7,10.2,12.00,46.50,30.55,6.17,Phosporus (ug/L):, 	0.0037 ,,,,,,,,,,,,
,8,9.8,9.97,46.10,30.55,6.77,,,,,,,,,,,,,,
,9,9.0,8.14,46.90,30.55,6.50,DATA NOTES,,,,,,,,,,,,,
,10,8.5,7.14,46.90,30.55,6.35,,,,,,,,,,,,,,
,11,8.4,5.83,46.50,30.55,6.15,,,,,,,,,,,,,,
,12,8.5,5.60,47.20,30.55,6.15,,,,,,,,,,,,,,
,,,,,,,,,,,,,,,,,,,,
DWH,0,20.1,9.16,48.00,31.20,6.59,date/time:,2020/Jun/20 11:25,,,,,,,,,,,,
,1,20.1,8.85,48.00,31.20,6.64,weather:,"windy, overcast, wind",,,,,,,,,,,,
,2,20.1,9.32,48.00,31.20,6.71,people:,Andrew and Carrie,,,,,,,,,,,,
,3,19.9,8.95,48.00,31.20,6.69,air temp (C):, 	17.6 ,,,,,,,,,,,,
,4,18.1,9.53,47.90,31.20,6.69,secchi 1 (m):, 	5.4 ,,,,,,,,,,,,
,5,17.3,9.86,48.00,31.20,6.43,secchi 2 (m):, 	5.4 ,,,,,,,,,,,,
,6,14.6,11.83,48.00,31.20,6.39,Nitrogen (ug/L):, 	0.1980 ,,,,,,,,,,,,
,7,10.5,9.54,47.90,31.20,7.94,Phosporus (ug/L):, 	0.0072 ,,,,,,,,,,,,
,8,9.1,8.60,48.30,31.20,6.84,,,,,,,,,,,,,,
,9,8.2,6.54,48.40,31.85,6.75,DATA NOTES,,,,,,,,,,,,,
,10,7.9,4.45,49.10,31.85,6.67,,,,,,,,,,,,,,
,11,7.8,3.96,49.20,31.85,5.63,,,,,,,,,,,,,,
,12,7.8,3.85,49.40,31.85,5.61,,,,,,,,,,,,,,
,,,,,,,,,,,,,,,,,,,,
DWH,0,22.9,8.01,48.60,31.85,6.83,date/time:,2020/Jul/25 10:30,,,,,,,,,,,,
,1,22.4,8.42,49.00,31.85,6.95,weather:,"light wind, sunny",,,,,,,,,,,,
,2,21.1,8.50,49.10,31.85,6.90,people:,Mary and Alma,,,,,,,,,,,,
,3,22.0,8.65,49.20,31.85,6.97,air temp (C):,na,,,,,,,,,,,,
,4,21.9,8.45,49.20,31.85,6.96,secchi 1 (m):, 	5.5 ,,,,,,,,,,,,
,5,21.0,8.85,48.60,31.85,7.14,secchi 2 (m):, 	5.9 ,,,,,,,,,,,,
,6,17.0,8.60,48.30,31.20,6.76,Nitrogen (ug/L):, 	0.1730 ,,,,,,,,,,,,
,7,13.0,7.94,48.60,31.85,6.46,Phosporus (ug/L):,<0.0030,,,,,,,,,,,,
,8,10.5,6.65,49.10,31.85,6.04,,,,,,,,,,,,,,
,9,8.7,3.35,50.00,32.50,5.77,DATA NOTES,,,,,,,,,,,,,
,10,8.4,2.21,51.00,33.15,5.72,,,,,,,,,,,,,,
,11,8.4,1.78,51.20,33.15,5.70,,,,,,,,,,,,,,
,12,8.6,1.68,51.00,33.15,5.59,,,,,,,,,,,,,,
,,,,,,,,,,,,,,,,,,,,
DWH,0,22.2,7.74,49.60,31.85,7.20,date/time:,2020/Sep/01 19:30,,,,,,,,,,,,
,1,22.2,7.77,49.30,31.85,7.03,weather:,"calm sunset, nice clouds",,,,,,,,,,,,
,2,21.5,8.01,49.20,31.85,7.05,people:,Autumn and Sarah Moore,,,,,,,,,,,,
,3,21.2,7.88,48.90,31.85,6.97,air temp (C):, 	19.7 ,,,,,,,,,,,,
,4,21.2,7.55,49.10,31.85,6.97,secchi 1 (m):, 	4.9 ,,,,,,,,,,,,
,5,20.8,7.98,49.10,31.85,6.95,secchi 2 (m):, 	4.9 ,,,,,,,,,,,,
,6,20.7,7.88,48.80,31.85,6.90,Nitrogen (ug/L):, 	0.1710 ,,,,,,,,,,,,
,7,17.6,7.00,48.60,31.85,6.77,Phosporus (ug/L):,<0.0030,,,,,,,,,,,,
,8,13.7,4.60,48.90,31.85,6.40,,,,,,,,,,,,,,
,9,10.7,2.55,50.00,32.50,5.80,DATA NOTES,,,,,,,,,,,,,
,10,10.1,1.98,51.30,33.15,5.70,,,,,,,,,,,,,,
,11,9.8,1.16,56.60,36.40,5.70,,,,,,,,,,,,,,
,12,9.4,1.06,58.60,37.70,5.73,,,,,,,,,,,,,,
,,,,,,,,,,,,,,,,,,,,
DWH,0,21.1,8.54,49.30,39.85,6.97,date/time:,2020/Sep/22 11:00,,,,,,,,,,,,
,1,21.1,8.43,49.60,32.50,6.99,weather:,"sunny, calm changed to windy",,,,,,,,,,,,
,2,21.2,8.35,49.30,31.85,7.02,people:,Gina and Carrie,,,,,,,,,,,,
,3,21.1,8.25,49.30,31.50,7.03,air temp (C):, 	17.5 ,,,,,,,,,,,,
,4,21.1,8.11,49.40,32.50,7.07,secchi 1 (m):, 	4.9 ,,,,,,,,,,,,
,5,21.1,8.02,49.20,31.85,7.05,secchi 2 (m):, 	5.8 ,,,,,,,,,,,,
,6,20.7,8.02,49.30,31.85,7.07,Nitrogen (ug/L):, 	0.1950 ,,,,,,,,,,,,
,7,18.1,5.05,49.90,31.85,6.92,Phosporus (ug/L):, 	0.0046 ,,,,,,,,,,,,
,8,14.0,2.29,49.00,31.85,6.44,,,,,,,,,,,,,,
,9,11.6,1.51,51.00,33.15,6.14,DATA NOTES,,,,,,,,,,,,,
,10,10.5,1.10,56.40,37.05,5.84,,,,,,,,,,,,,,
,11,9.8,1.10,61.70,39.65,5.83,,,,,,,,,,,,,,
,12,na,na,na,na,na,,,,,,,,,,,,,,
,,,,,,,,,,,,,,,,,,,,
DWH,0,12.6,9.72,48.70,31.85,6.71,date/time:,2020/Nov/02 11:00,,,,,,,,,,,,
,1,12.5,9.10,48.90,31.85,6.69,weather:,"cloudy, light to strong wind sw (changed from ne)",,,,,,,,,,,,
,2,12.5,9.24,48.70,31.20,6.69,people:,Gina and Carrie,,,,,,,,,,,,
,3,12.6,9.16,48.50,31.20,6.67,air temp (C):, 	11.5 ,,,,,,,,,,,,
,4,12.7,9.26,48.50,31.85,6.69,secchi 1 (m):, 	4.0 ,,,,,,,,,,,,
,5,12.5,9.10,48.90,31.20,6.65,secchi 2 (m):, 	3.7 ,,,,,,,,,,,,
,6,12.4,9.14,48.40,31.20,6.69,Nitrogen (ug/L):,na,,,,,,,,,,,,
,7,12.4,9.20,48.60,31.85,6.71,Phosporus (ug/L):,na,,,,,,,,,,,,
,8,12.6,9.26,48.50,31.85,6.67,,,,,,,,,,,,,,
,9,12.5,9.09,48.50,31.85,6.68,DATA NOTES,,,,,,,,,,,,,
,10,12.6,9.04,48.60,31.20,6.67,,,,,,,,,,,,,,
,11,12.7,8.91,48.90,31.20,6.69,,,,,,,,,,,,,,
,12,12.4,8.05,49.00,31.20,6.65,,,,,,,,,,,,,,
,,,,,,,,,,,,,,,,,,,,
DWH,0,8.3,11.90,48.70,31.85,6.88,date/time:,2020/Dec/09 9:30,,,,,,,,,,,,
,1,8.3,11.51,48.80,31.20,6.72,weather:,high misty clouds,,,,,,,,,,,,
,2,7.9,11.36,47.70,31.20,6.64,people:,Max and Carrie,,,,,,,,,,,,
,3,8.2,11.36,48.00,31.20,6.58,air temp (C):, 	9.0 ,,,,,,,,,,,,
,4,8.4,11.13,47.70,31.20,6.57,secchi 1 (m):, 	6.5 ,,,,,,,,,,,,
,5,8.1,11.22,48.10,31.20,6.58,secchi 2 (m):, 	6.6 ,,,,,,,,,,,,
,6,8.5,11.43,47.50,31.20,6.60,Nitrogen (ug/L):,na,,,,,,,,,,,,
,7,8.0,11.16,47.50,31.20,6.63,Phosporus (ug/L):,na,,,,,,,,,,,,
,8,8.4,11.28,47.50,31.20,6.66,,,,,,,,,,,,,,
,9,8.4,11.17,47.70,31.20,6.68,DATA NOTES,,,,,,,,,,,,,
,10,8.1,11.08,47.60,31.20,6.67,,,,,,,,,,,,,,
,11,8.1,11.14,48.00,31.20,6.71,,,,,,,,,,,,,,
,12,8.0,10.82,48.10,31.20,6.70,,,,,,,,,,,,,,
,,,,,,,,,,,,,,,,,,,,
2021,,,,,,,,,,,,,,,,,,,,
DWH,0,6.9,11.88,47.20,30.55,6.49,date/time:,2021/Jan/14 11:45,,,,,,,,,,,,
,1,6.7,12.03,47.40,30.55,6.49,weather:,calm sun high clouds,,,,,,,,,,,,
,2,6.6,11.90,47.20,31.20,6.52,people:,Heidi and Carrie,,,,,,,,,,,,
,3,6.6,11.89,47.20,30.55,6.56,air temp (C):, 	8.7 ,,,,,,,,,,,,
,4,6.5,11.80,47.50,30.55,6.57,secchi 1 (m):, 	5.6 ,,,,,,,,,,,,
,5,6.5,11.93,47.20,30.55,6.60,secchi 2 (m):, 	6.1 ,,,,,,,,,,,,
,6,6.8,11.66,47.20,30.55,6.63,Nitrogen (ug/L):,na,,,,,,,,,,,,
,7,6.6,11.58,47.20,30.55,6.65,Phosporus (ug/L):,na,,,,,,,,,,,,
,8,6.6,11.76,47.30,30.55,6.68,,,,,,,,,,,,,,
,9,6.6,11.88,47.40,30.55,6.69,DATA NOTES,no water samples,,,,,,,,,,,,
,10,6.6,11.74,47.30,30.55,6.73,,,,,,,,,,,,,,
,11,6.7,11.67,47.30,30.55,6.70,,,,,,,,,,,,,,
,12,6.7,11.68,47.40,30.55,6.71,,,,,,,,,,,,,,
,,,,,,,,,,,,,,,,,,,,
DWH,0,5.2,13.01,46.80,30.55,6.68,date/time:,2021/Feb/16 12:30,,,,,,,,,,,,
,1,5.0,13.32,46.90,30.55,6.47,weather:,Mostly cloudy,,,,,,,,,,,,
,2,5.1,12.72,46.60,30.55,6.37,people:,Max and Heidi,,,,,,,,,,,,
,3,5.1,13.00,47.00,30.55,6.32,air temp (C):, 	7.8 ,,,,,,,,,,,,
,4,5.1,13.05,46.60,30.55,6.31,secchi 1 (m):, 	4.9 ,,,,,,,,,,,,
,5,4.9,13.06,47.00,30.55,6.32,secchi 2 (m):, 	4.5 ,,,,,,,,,,,,
,6,4.9,12.54,46.90,30.55,6.33,Nitrogen (ug/L):,na,,,,,,,,,,,,
,7,4.9,12.55,46.70,30.55,6.33,Phosporus (ug/L):,na,,,,,,,,,,,,
,8,5.0,12.63,46.40,30.55,6.33,,,,,,,,,,,,,,
,9,5.0,12.83,47.00,30.55,6.35,DATA NOTES,no lab samples,,,,,,,,,,,,
,10,5.1,12.43,46.60,30.55,6.35,,,,,,,,,,,,,,
,11,5.1,12.56,46.70,30.55,6.37,,,,,,,,,,,,,,
,12,5.0,12.32,46.60,30.55,6.38,,,,,,,,,,,,,,
,,,,,,,,,,,,,,,,,,,,
DWH,0,6.6,14.60,47.70,31.20,6.92,date/time:,2021/Mar/18 11:00,,,,,,,,,,,,
,1,6.5,14.51,47.70,31.20,6.78,weather:,nice and sunny turned to WET/rain,,,,,,,,,,,,
,2,6.5,14.42,47.70,31.20,6.73,people:,Carrie and Gina,,,,,,,,,,,,
,3,6.5,13.67,47.80,31.20,6.72,air temp (C):, 	7.8 ,,,,,,,,,,,,
,4,6.3,14.30,47.80,31.20,6.81,secchi 1 (m):, 	2.9 ,,,,,,,,,,,,
,5,5.8,13.80,47.80,31.20,6.83,secchi 2 (m):, 	2.9 ,,,,,,,,,,,,
,6,5.7,14.42,47.80,31.20,6.71,Nitrogen (ug/L):,na,,,,,,,,,,,,
,7,5.6,14.17,47.80,31.20,6.67,Phosporus (ug/L):,na,,,,,,,,,,,,
,8,5.6,14.06,47.80,31.20,6.66,,,,,,,,,,,,,,
,9,5.6,14.00,47.80,31.20,6.69,DATA NOTES,murky water. No lab samples,,,,,,,,,,,,
,10,5.6,14.02,47.80,31.20,6.72,,,,,,,,,,,,,,
,11,5.6,13.81,47.80,31.20,6.74,,,,,,,,,,,,,,
,12,5.5,14.17,47.90,31.20,6.73,,,,,,,,,,,,,,
,,,,,,,,,,,,,,,,,,,,
DWH,0,15.9,11.72,48.50,31.20,7.07,date/time:,2021/Apr/20 11:15,,,,,,,,,,,,
,1,15.7,12.11,48.40,31.20,7.06,weather:,"sunny, calm",,,,,,,,,,,,
,2,12.0,13.65,48.00,31.20,7.35,people:,Carrie and Gina,,,,,,,,,,,,
,3,10.2,14.00,47.90,31.20,7.12,air temp (C):, 	18.4 ,,,,,,,,,,,,
,4,9.6,14.17,47.80,31.20,6.92,secchi 1 (m):, 	3.7 ,,,,,,,,,,,,
,5,8.8,14.27,47.80,31.20,6.97,secchi 2 (m):, 	4.4 ,,,,,,,,,,,,
,6,8.6,14.38,47.80,31.20,6.96,Nitrogen (ug/L):,na,,,,,,,,,,,,
,7,8.3,13.31,49.90,31.20,6.81,Phosporus (ug/L):,na,,,,,,,,,,,,
,8,8.2,13.18,48.00,31.20,6.73,,,,,,,,,,,,,,
,9,8.1,12.90,48.00,31.20,6.70,DATA NOTES,"no lab samples, but see Dillon Creek for April in DWG",,,,,,,,,,,,
,10,7.8,12.11,48.20,31.20,6.65,,,,,,,,,,,,,,
,11,7.2,12.16,48.20,31.20,6.59,,,,,,,,,,,,,,
,12,7.7,11.77,48.30,31.20,6.57,,,,,,,,,,,,,,
,,,,,,,,,,,,,,,,,,,,
DWH,0,16.8,10.90,48.50,31.85,7.10,date/time:,2021/May/05 14:00,,,,,,,,,,,,
,1,16.9,11.25,48.70,31.85,7.00,weather:,"cloudy, rain, windy",,,,,,,,,,,,
,2,16.9,11.05,48.70,31.85,6.98,people:,Gina and Lisa Ferentinos,,,,,,,,,,,,
,3,16.9,10.86,48.60,31.85,6.97,air temp (C):, 	14.5 ,,,,,,,,,,,,
,4,16.8,11.03,48.70,31.85,6.98,secchi 1 (m):, 	5.2 ,,,,,,,,,,,,
,5,12.8,14.14,48.00,31.20,7.11,secchi 2 (m):, 	5.2 ,,,,,,,,,,,,
,6,10.4,15.41,47.70,31.20,7.11,Nitrogen (ug/L):,na,,,,,,,,,,,,
,7,9.7,15.76,48.20,31.20,6.81,Phosporus (ug/L):,na,,,,,,,,,,,,
,8,8.5,12.12,48.50,31.20,6.52,,,,,,,,,,,,,,
,9,8.3,9.32,48.70,31.85,6.36,DATA NOTES,no lab samples,,,,,,,,,,,,
,10,8.0,7.36,49.20,31.85,6.26,,June  -- skipped this month because too hot to go out,,,,,,,,,,,,
,11,8.0,6.17,49.50,32.50,6.18,,,,,,,,,,,,,,
,12,7.9,5.40,49.70,32.50,6.14,,,,,,,,,,,,,,
,,,,,,,,,,,,,,,,,,,,
DWH,0,na,na,na,na,na,date/time:,2021/Jul/07 11:30,,,,,,,,,,,,
,1,24.4,7.63,50.90,31.35,7.36,weather:,"sunny, warm, light breeze",,,,,,,,,,,,
,2,24.1,8.46,50.90,33.15,7.17,people:,Gina and Michelle Douglas (summer assistant),,,,,,,,,,,,
,3,24.7,8.67,50.80,33.15,7.15,air temp (C):, 	28.9 ,,,,,,,,,,,,
,4,23.5,9.23,50.80,33.15,7.01,secchi 1 (m):, 	6.7 ,,,,,,,,,,,,
,5,20.1,11.59,49.40,33.85,7.55,secchi 2 (m):, 	6.6 ,,,,,,,,,,,,
,6,14.4,15.77,48.70,33.85,7.67,Nitrogen (ug/L):,na,,,,,,,,,,,,
,7,10.8,14.75,48.70,33.85,7.21,Phosporus (ug/L):,na,,,,,,,,,,,,
,8,9.4,10.01,49.50,32.50,6.64,,,,,,,,,,,,,,
,9,8.9,7.02,51.00,33.15,6.39,DATA NOTES,no water samples,,,,,,,,,,,,
,10,8.6,4.49,52.50,34.45,6.26,,,,,,,,,,,,,,
,11,8.4,3.23,54.50,35.75,6.18,,,,,,,,,,,,,,
,12,8.4,2.33,55.20,35.75,6.14,,,,,,,,,,,,,,
,,,,,,,,,,,,,,,,,,,,
DWH,0,24.0,5.13,51.70,34.80,7.50,date/time:,2021/Jul/28 11:45,,,,,,,,,,,,
,1,23.9,6.70,51.70,34.80,7.10,weather:,"sunny, hot, calm",,,,,,,,,,,,
,2,23.7,7.50,51.70,34.80,7.08,people:,Gina and Michelle Douglas (summer assistant),,,,,,,,,,,,
,3,23.7,7.86,51.70,34.80,7.10,air temp (C):, 	21.7 ,,,,,,,,,,,,
,4,23.6,8.27,51.60,34.80,7.10,secchi 1 (m):, 	6.9 ,,,,,,,,,,,,
,5,22.5,9.08,51.40,34.15,7.17,secchi 2 (m):, 	6.9 ,,,,,,,,,,,,
,6,17.0,13.04,48.90,34.15,7.44,Nitrogen (ug/L):,na,,,,,,,,,,,,
,7,12.0,14.67,49.20,34.85,7.18,Phosporus (ug/L):,na,,,,,,,,,,,,
,8,10.3,11.12,50.60,33.15,6.68,,,,,,,,,,,,,,
,9,9.4,6.75,52.10,34.80,6.39,DATA NOTES,,,,,,,,,,,,,
,10,8.9,3.57,54.80,35.75,6.24,,,,,,,,,,,,,,
,11,8.7,2.23,57.40,37.05,6.16,,,,,,,,,,,,,,
,12,na,na,na,na,na,,,,,,,,,,,,,,
,,,,,,,,,,,,,,,,,,,,
DWH,0,20.7,6.10,50.60,33.15,6.93,date/time:,2021/Aug/26 14:00,,,,,,,,,,,,
,1,21.9,7.80,50.80,33.15,6.87,weather:,"windy, cloudy, light rain",,,,,,,,,,,,
,2,21.9,8.48,50.90,33.15,6.90,people:,Gina,,,,,,,,,,,,
,3,21.9,8.62,50.60,33.15,6.91,air temp (C):, 	19.7 ,,,,,,,,,,,,
,4,21.7,8.84,50.70,33.15,6.91,secchi 1 (m):, 	5.7 ,,,,,,,,,,,,
,5,22.0,8.87,50.90,33.15,6.91,secchi 2 (m):,na,,,,,,,,,,,,
,6,21.7,8.78,50.60,33.15,6.92,Nitrogen (ug/L):,na,,,,,,,,,,,,
,7,19.5,11.22,48.80,31.85,6.85,Phosporus (ug/L):,na,,,,,,,,,,,,
,8,14.3,9.43,49.90,32.50,6.50,,,,,,,,,,,,,,
,9,11.9,4.56,52.30,33.80,6.14,DATA NOTES,,,,,,,,,,,,,
,10,10.9,2.10,58.50,37.70,6.05,,,,,,,,,,,,,,
,11,10.4,1.39,60.70,39.00,6.08,,,,,,,,,,,,,,
,12,na,na,na,na,na,,,,,,,,,,,,,,
,,,,,,,,,,,,,,,,,,,,
DWH,0,19.1,8.56,50.00,32.50,7.46,date/time:,2021/Sep/19 2:30,,,,,,,,,,,,
,1,19.0,8.87,49.80,32.50,6.98,weather:,"clouds, sunny, light wind",,,,,,,,,,,,
,2,18.8,8.77,50.00,32.50,6.95,people:,carrie and gina,,,,,,,,,,,,
,3,18.8,8.45,50.00,32.50,6.98,air temp (C):, 	15.9 ,,,,,,,,,,,,
,4,18.8,8.88,49.90,32.50,6.96,secchi 1 (m):, 	6.1 ,,,,,,,,,,,,
,5,18.7,8.67,49.80,32.50,6.93,secchi 2 (m):, 	6.9 ,,,,,,,,,,,,
,6,18.7,8.84,49.90,32.50,6.90,Nitrogen (ug/L):,na,,,,,,,,,,,,
,7,18.8,8.61,50.00,32.50,6.91,Phosporus (ug/L):,na,,,,,,,,,,,,
,8,15.8,4.64,50.40,32.50,6.69,,,,,,,,,,,,,,
,9,12.0,1.85,53.10,34.45,6.44,DATA NOTES,no water samples,,,,,,,,,,,,
,10,10.9,1.28,57.70,37.30,6.07,,,,,,,,,,,,,,
,11,10.4,1.20,62.00,40.60,6.02,,,,,,,,,,,,,,
,12,na,na,na,na,na,,,,,,,,,,,,,,
,,,,,,,,,,,,,,,,,,,,
DWH,0,14.3,8.24,50.00,32.50,6.78,date/time:,2021/Oct/13 15:15,,,,,,,,,,,,
,1,14.3,8.62,50.40,32.50,6.67,weather:,"calm, light coulds, rain",,,,,,,,,,,,
,2,14.2,9.11,50.20,32.50,6.71,people:,Carrie and Gina,,,,,,,,,,,,
,3,14.1,9.03,49.90,32.50,7.79,air temp (C):, 	13.0 ,,,,,,,,,,,,
,4,14.2,9.03,50.10,32.50,6.72,secchi 1 (m):, 	4.3 ,,,,,,,,,,,,
,5,14.3,9.27,50.50,32.50,6.69,secchi 2 (m):, 	5.9 ,,,,,,,,,,,,
,6,14.1,9.32,50.10,32.50,6.66,Nitrogen (ug/L):,na,,,,,,,,,,,,
,7,14.0,9.24,50.00,32.50,6.68,Phosporus (ug/L):,na,,,,,,,,,,,,
,8,14.2,9.07,50.10,32.50,6.69,,,,,,,,,,,,,,
,9,14.2,9.14,50.10,32.50,6.70,DATA NOTES,November -- skipped this month,,,,,,,,,,,,
,10,14.1,9.07,50.20,32.50,6.69,,"December - the lakes were partly frozen, with some parts of open water, temperatures went close to -16",,,,,,,,,,,,
,11,13.9,9.23,50.20,32.50,6.67,,,,,,,,,,,,,,
,12,14.1,9.27,50.10,32.50,6.67,,,,,,,,,,,,,,
,,,,,,,,,,,,,,,,,,,,
2022,,,,,,,,,,,,,,,,,,,,
,,,,,,,,,,,,,,,,,,,,
DWH,0,4.4,13.90,47.30,30.55,6.25,date/time:,2022/Jan/18 11:30,,,,,,,,,,,,
,1,4.2,13.24,47.70,30.55,6.07,weather:,"calm, light clouds, foggy",,,,,,,,,,,,
,2,4.3,13.29,47.50,30.55,5.96,people:,Carrie and Gina,,,,,,,,,,,,
,3,4.3,13.23,47.60,30.55,5.94,air temp (C):, 	7.3 ,,,,,,,,,,,,
,4,4.3,13.31,47.20,30.55,5.93,secchi 1 (m):, 	4.5 ,,,,,,,,,,,,
,5,4.1,13.17,47.20,30.55,5.97,secchi 2 (m):, 	4.9 ,,,,,,,,,,,,
,6,4.2,13.15,47.20,30.55,6.00,Nitrogen (ug/L):,na,,,,,,,,,,,,
,7,4.1,13.04,47.40,30.55,6.03,Phosporus (ug/L):,na,,,,,,,,,,,,
,8,4.0,13.17,47.50,31.20,6.06,,,,,,,,,,,,,,
,9,4.1,13.02,47.50,30.55,6.09,DATA NOTES,"some ice on lake, less than on Gunflint",,,,,,,,,,,,
,10,4.0,13.30,47.20,30.55,6.10,,,,,,,,,,,,,,
,11,4.1,12.93,47.44,30.55,6.11,,,,,,,,,,,,,,
,12,4.1,12.86,47.50,30.55,6.13,,,,,,,,,,,,,,
,,,,,,,,,,,,,,,,,,,,
DWH,0,5.0,7.22,47.90,31.20,6.66,date/time:,2022/Feb/17 14:20,,,,,,,,,,,,
,1,4.9,7.24,47.90,31.20,6.27,weather:,"sunny, calm, light breeze",,,,,,,,,,,,
,2,4.7,9.80,47.80,31.20,6.24,people:,Carrie and Gina,,,,,,,,,,,,
,3,4.7,10.32,47.90,31.20,6.27,air temp (C):, 	9.1 ,,,,,,,,,,,,
,4,4.6,10.80,47.90,31.20,6.17,secchi 1 (m):, 	4.5 ,,,,,,,,,,,,
,5,4.6,11.16,48.00,31.20,6.17,secchi 2 (m):, 	4.7 ,,,,,,,,,,,,
,6,4.6,11.45,48.00,31.20,6.19,Nitrogen (ug/L):,,,,,,,,,,,,,
,7,4.5,11.72,48.00,31.20,6.20,Phosporus (ug/L):,,,,,,,,,,,,,
,8,4.5,11.91,48.00,31.20,6.21,,,,,,,,,,,,,,
,9,4.5,12.04,47.90,31.20,6.23,DATA NOTES,,,,,,,,,,,,,
,10,4.5,12.16,48.00,31.20,6.24,,,,,,,,,,,,,,
,11,4.5,12.24,48.00,31.20,6.25,,,,,,,,,,,,,,
,12,4.5,12.38,48.00,31.20,6.26,,,,,,,,,,,,,,
,,,,,,,,,,,,,,,,,,,,
DWH,0,7.2,13.83,47.20,30.55,6.70,date/time:,2022/Mar/23 14:20,,,,,,,,,,,,
,1,6.9,13.96,47.20,30.55,6.57,weather:,"sunny, windy, some clouds",,,,,,,,,,,,
,2,6.9,13.94,47.20,30.55,6.37,people:,Carrie and Gina,,,,,,,,,,,,
,3,6.9,13.85,47.30,30.55,6.17,air temp (C):, 	9.6 ,,,,,,,,,,,,
,4,6.8,13.84,47.30,30.55,6.21,secchi 1 (m):, 	3.1 ,,,,,,,,,,,,
,5,6.8,13.80,47.30,30.55,6.24,secchi 2 (m):, 	4.3 ,,,,,,,,,,,,
,6,6.7,13.74,47.30,30.55,6.28,Nitrogen (ug/L):,,,,,,,,,,,,,
,7,6.7,13.67,47.30,30.55,6.31,Phosporus (ug/L):,,,,,,,,,,,,,
,8,6.7,13.39,47.30,30.55,6.33,,,,,,,,,,,,,,
,9,6.7,13.69,47.30,30.55,6.27,DATA NOTES,,,,,,,,,,,,,
,10,6.7,13.54,47.20,30.55,6.38,,,,,,,,,,,,,,
,11,6.7,13.44,47.30,30.55,6.41,,,,,,,,,,,,,,
,12,6.7,13.57,47.30,30.55,6.42,,,,,,,,,,,,,,
,,,,,,,,,,,,,,,,,,,,
DWH,0,15.9,7.03,45.10,29.25,6.62,date/time:,2022/May/10 14:20,,,,,,,,,,,,
,1,15.7,7.34,45.30,29.25,6.57,weather:,"sunny, windy, some clouds",,,,,,,,,,,,
,2,15.2,7.80,45.20,29.25,6.60,people:,Carrie and Gina,,,,,,,,,,,,
,3,14.5,8.80,45.40,29.25,6.61,air temp (C):, 	16.3 ,,,,,,,,,,,,
,4,12.6,9.52,46.00,29.90,6.63,secchi 1 (m):, 	3.1 ,,,,,,,,,,,,
,5,11.6,10.12,46.30,30.55,6.55,secchi 2 (m):, 	3.0 ,,,,,,,,,,,,
,6,10.0,10.42,46.90,30.55,6.43,Nitrogen (ug/L):,,,,,,,,,,,,,
,7,9.1,10.31,47.20,30.55,6.27,Phosporus (ug/L):,,,,,,,,,,,,,
,8,8.7,9.73,47.40,30.55,6.18,,,,,,,,,,,,,,
,9,8.5,9.48,47.50,30.55,6.15,DATA NOTES,,,,,,,,,,,,,
,10,8.4,9.26,47.50,30.20,6.14,,,,,,,,,,,,,,
,11,8.3,8.88,47.60,31.20,6.15,,,,,,,,,,,,,,
,12,8.3,8.55,47.80,31.20,6.15,,,,,,,,,,,,,,
,,,,,,,,,,,,,,,,,,,,
DWH,0,18.0,3.17,44.70,29.25,7.12,date/time:,6/11/22 10:00,,,,,,,,,,,,
,1,18.3,3.47,44.70,29.25,6.98,weather:,"cloudy, windy",,,,,,,,,,,,
,2,18.0,3.39,46.60,29.25,6.98,people:,Gina and Ziemek (Gina's son),,,,,,,,,,,,
,3,18.0,3.53,44.80,29.25,6.98,air temp (C):, 	15.8 ,,,,,,,,,,,,
,4,17.9,5.42,44.70,29.25,6.91,secchi 1 (m):, 	2.7 ,,,,,,,,,,,,
,5,17.0,6.00,44.60,29.25,7.00,secchi 2 (m):, 	3.0 ,,,,,,,,,,,,
,6,14.3,7.62,46.30,29.90,6.96,Nitrogen (ug/L):,,,,,,,,,,,,,
,7,13.2,7.97,45.90,29.90,6.92,Phosporus (ug/L):,,,,,,,,,,,,,
,8,12.2,8.00,46.60,30.55,6.85,,,,,,,,,,,,,,
,9,11.3,7.61,47.40,31.20,6.73,DATA NOTES,,,,,,,,,,,,,
,10,10.1,6.45,48.70,31.85,6.60,,,,,,,,,,,,,,
,11,9.9,4.50,49.10,31.85,6.16,,,,,,,,,,,,,,
,12,9.8,3.72,49.00,31.85,6.06,,,,,,,,,,,,,,
,,,,,,,,,,,,,,,,,,,,
DWH,0,21.8,4.00,45.90,29.90,6.77,date/time:,7/16/22 10:30,,,,,,,,,,,,
,1,22.0,4.24,46.10,29.90,6.90,weather:,"calm, cloudy",,,,,,,,,,,,
,2,21.8,4.15,45.80,29.90,6.89,people:,Carrie and Gina,,,,,,,,,,,,
,3,21.8,7.38,46.10,29.90,6.88,air temp (C):, 	18.0 ,,,,,,,,,,,,
,4,21.7,7.70,46.10,29.90,6.89,secchi 1 (m):, 	3.9 ,,,,,,,,,,,,
,5,17.9,8.86,46.50,29.90,6.87,secchi 2 (m):, 	4.1 ,,,,,,,,,,,,
,6,14.6,8.29,47.00,29.90,6.73,Nitrogen (ug/L):,,,,,,,,,,,,,
,7,12.5,6.44,47.30,30.55,6.05,Phosporus (ug/L):,,,,,,,,,,,,,
,8,11.2,5.01,47.90,30.55,6.03,,,,,,,,,,,,,,
,9,10.5,2.61,51.00,31.20,5.98,DATA NOTES,,,,,,,,,,,,,
,10,10.1,1.63,51.60,33.80,5.97,,,,,,,,,,,,,,
,11,10.0,1.41,55.80,36.40,5.95,,,,,,,,,,,,,,
,12,10.0,1.39,58.50,37.30,5.97,,,,,,,,,,,,,,
,,,,,,,,,,,,,,,,,,,,
DWH,0,25.7,7.86,47.60,30.55,6.86,date/time:,8/16/22 11:30,,,,,,,,,,,,
,1,25.1,8.56,47.80,31.20,6.90,weather:,"sunny, calm, ligh breeze",,,,,,,,,,,,
,2,24.8,9.04,47.40,30.55,6.95,people:,Carrie and Gina,,,,,,,,,,,,
,3,24.9,8.96,47.30,30.55,6.85,air temp (C):, 	22.2 ,,,,,,,,,,,,
,4,24.3,9.30,47.40,30.55,6.87,secchi 1 (m):, 	4.6 ,,,,,,,,,,,,
,5,20.2,7.44,47.20,30.55,6.83,secchi 2 (m):, 	5.5 ,,,,,,,,,,,,
,6,15.8,6.63,47.20,30.55,6.57,Nitrogen (ug/L):,,,,,,,,,,,,,
,7,13.4,8.92,48.00,31.20,6.50,Phosporus (ug/L):,,,,,,,,,,,,,
,8,8.4,2.74,49.10,31.85,5.89,,,,,,,,,,,,,,
,9,11.4,1.72,53.50,31.10,5.85,DATA NOTES,,,,,,,,,,,,,
,10,10.7,1.55,59.80,31.00,5.80,,,,,,,,,,,,,,
,11,,,,,,,,,,,,,,,,,,,
,12,,,,,,,,,,,,,,,,,,,
,,,,,,,,,,,,,,,,,,,,
DWH,0,20.5,3.78,49.70,31.85,7.42,date/time:,9/20/22 14:00,,,,,,,,,,,,
,1,21.2,4.72,48.30,31.85,7.08,weather:,"sunny, calm, light breeze",,,,,,,,,,,,
,2,21.0,5.42,48.40,31.85,6.96,people:,Gina and Wisia (Gina's daughter),,,,,,,,,,,,
,3,20.5,5.91,48.50,31.20,6.94,air temp (C):, 	24.1 ,,,,,,,,,,,,
,4,20.4,6.42,48.40,31.85,6.82,secchi 1 (m):, 	4.1 ,,,,,,,,,,,,
,5,20.5,6.73,48.50,31.20,6.69,secchi 2 (m):, 	4.9 ,,,,,,,,,,,,
,6,19.7,7.20,48.50,31.85,6.57,Nitrogen (ug/L):,,,,,,,,,,,,,
,7,17.3,7.62,49.10,31.85,6.81,Phosporus (ug/L):,,,,,,,,,,,,,
,8,13.8,5.74,49.30,31.85,6.55,,,,,,,,,,,,,,
,9,12.1,3.84,65.30,39.00,6.19,DATA NOTES,,,,,,,,,,,,,
,10,10.8,2.23,65.30,42.25,6.04,,,,,,,,,,,,,,
,11,10.7,1.53,65.00,42.10,6.07,,,,,,,,,,,,,,
,12,,,,,,,,,,,,,,,,,,,
,,,,,,,,,,,,,,,,,,,,
DWH,0,18.0,5.57,48.80,31.85,6.92,date/time:,10/18/22 12:00,,,,,,,,,,,,
,1,18.0,6.53,49.00,31.85,6.77,weather:,"sunny, calm, light breeze",,,,,,,,,,,,
,2,17.6,7.39,48.60,31.85,6.78,people:,Gina and Wisia (Gina's daughter),,,,,,,,,,,,
,3,17.6,7.85,49.00,31.85,6.78,air temp (C):, 	16.7 ,,,,,,,,,,,,
,4,17.7,8.22,49.90,31.85,6.70,secchi 1 (m):, 	4.9 ,,,,,,,,,,,,
,5,17.4,6.65,48.70,31.85,6.80,secchi 2 (m):, 	4.7 ,,,,,,,,,,,,
,6,17.6,4.57,48.50,31.85,6.82,Nitrogen (ug/L):,,,,,,,,,,,,,
,7,17.4,1.80,48.50,31.85,6.73,Phosporus (ug/L):,,,,,,,,,,,,,
,8,13.1,0.96,54.10,35.10,6.50,,,,,,,,,,,,,,
,9,11.4,1.25,62.10,40.15,6.47,DATA NOTES,time not noted,,,,,,,,,,,,
,10,10.8,1.26,57.30,44.20,6.20,,,,,,,,,,,,,,
,11,10.5,1.04,68.90,44.85,5.99,,,,,,,,,,,,,,
,12,10.1,1.20,69.30,44.85,5.99,,,,,,,,,,,,,,
,13,10.4,1.20,69.30,45.50,6.01,,,,,,,,,,,,,,
,,,,,,,,,,,,,,,,,,,,
DWH,0,3.2,20.27,49.70,32.50,6.53,date/time:,12/26/22 9:30,,,,,,,,,,,,
,1,3.1,16.70,49.70,32.50,6.90,weather:,"calm, light breeze",,,,,,,,,,,,
,2,3.1,15.60,49.80,32.50,5.85,people:,Gina and Ziemek (Gina's son),,,,,,,,,,,,
,3,3.1,15.12,49.70,32.50,55.85,air temp (C):,7.7,,,,,,,,,,,,
,4,3.1,14.53,49.70,32.50,5.90,secchi 1 (m):,3.50,,,,,,,,,,,,
,5,3.1,14.75,49.70,32.50,5.93,secchi 2 (m):,4.37,,,,,,,,,,,,
,6,3.1,14.67,49.70,32.50,5.97,Nitrogen (ug/L):,,,,,,,,,,,,,
,7,3.1,14.62,49.70,32.50,6.00,Phosporus (ug/L):,,,,,,,,,,,,,
,8,3.1,14.54,49.70,32.50,6.02,,,,,,,,,,,,,,
,9,3.1,14.53,49.70,32.50,6.04,DATA NOTES,"December 23, 24, 25 - lakes partly frozen, could be 3/4, but ice not strong enough to walk on",,,,,,,,,,,,
,10,3.1,14.48,49.70,32.50,6.05,,,,,,,,,,,,,,
,11,3.1,14.45,49.70,32.50,6.07,,,,,,,,,,,,,,
,12,3.1,14.48,49.70,32.50,6.09,,,,,,,,,,,,,,
,13,3.1,14.44,49.70,32.50,6.10,,,,,,,,,,,,,,
,14,3.1,14.46,49.70,32.50,6.11,,,,,,,,,,,,,,
,15,3.1,14.32,49.70,32.50,6.12,,,,,,,,,,,,,,
,16,3.2,10.60,49.60,32.50,6.11,,,,,,,,,,,,,,
,,,,,,,,,,,,,,,,,,,,
2023,,,,,,,,,,,,,,,,,,,,
,,,,,,,,,,,,,,,,,,,,
DWH,0,4.6,14.12,48.50,31.20,6.04,date/time:,2/14/23 10:15,,,,,,,,,,,,
,1,4.7,13.43,48.50,31.85,5.90,weather:,"calm, light breeze, sunny",,,,,,,,,,,,
,2,4.6,13.12,48.50,31.85,5.99,people:,Gina and Carrie,,,,,,,,,,,,
,3,4.6,13.01,48.50,31.20,6.08,air temp (C):,3.4,,,,,,,,,,,,
,4,4.6,13.02,48.50,31.85,6.14,secchi 1 (m):, 	4.0 ,,,,,,,,,,,,
,5,4.6,13.82,48.50,31.20,6.18,secchi 2 (m):, 	4.8 ,,,,,,,,,,,,
,6,4.6,13.01,48.50,31.85,6.21,Nitrogen (ug/L):,,,,,,,,,,,,,
,7,4.6,13.02,48.50,31.85,6.24,Phosporus (ug/L):,,,,,,,,,,,,,
,8,4.6,13.02,48.50,31.20,6.28,,,,,,,,,,,,,,
,9,4.6,12.90,48.50,31.20,6.30,DATA NOTES,a day after a very strong wind,,,,,,,,,,,,
,10,4.6,13.02,48.50,31.85,6.29,,,,,,,,,,,,,,
,11,4.6,12.85,48.50,31.20,6.30,,,,,,,,,,,,,,
,12,4.6,13.01,48.50,31.85,6.30,,,,,,,,,,,,,,
,13,4.6,12.94,48.50,31.85,6.32,,,,,,,,,,,,,,
,14,4.6,12.35,48.50,31.85,6.33,,,,,,,,,,,,,,
,15,4.6,12.50,48.50,31.85,6.34,,,,,,,,,,,,,,
,16,4.7,5.22,48.40,31.20,6.32,,,,,,,,,,,,,,
,,,,,,,,,,,,,,,,,,,,
DWH,0,8.1,14.98,48.30,31.20,x,date/time:,3/22/23 10:30,,,,,,,,,,,,
,1,7.8,14.63,48.00,31.20,x,weather:,"nice, sunny",,,,,,,,,,,,
,2,7.2,14.51,48.10,31.20,x,people:,"Carrie, Gina",,,,,,,,,,,,
,3,6.2,14.62,48.20,31.20,x,air temp (C):, 	15.0 ,,,,,,,,,,,,
,4,5.7,14.52,48.10,31.20,x,secchi 1 (m):, 	2.8 ,,,,,,,,,,,,
,5,5.6,14.37,48.10,31.20,x,secchi 2 (m):, 	3.6 ,,,,,,,,,,,,
,6,5.4,14.40,48.10,31.20,x,Nitrogen (ug/L):,,,,,,,,,,,,,
,7,5.3,14.40,48.20,31.20,x,Phosporus (ug/L):,,,,,,,,,,,,,
,8,5.3,14.19,48.20,31.20,x,,,,,,,,,,,,,,
,9,5.3,14.08,48.20,31.20,x,,,,,,,,,,,,,,
,10,5.3,13.87,48.20,31.20,x,,,,,,,,,,,,,,
,11,5.3,13.85,48.20,31.20,x,,,,,,,,,,,,,,
,12,5.3,13.76,48.30,31.20,x,,,,,,,,,,,,,,
,13,5.2,13.95,48.30,31.20,x,DATA NOTES,PH probe not working,,,,,,,,,,,,
,14,5.2,13.02,48.40,31.20,x,,,,,,,,,,,,,,
,15,,,,,,,,,,,,,,,,,,,
,16,,,,,,,,,,,,,,,,,,,
,,,,,,,,,,,,,,,,,,,,
DWH,0,23.8,7.48,51.40,33.15,8.03,date/time:,6/29/23 11:00,,,,,,,,,,,,
,1,23.8,8.30,51.40,33.15,8.05,weather:,"sunny, calm, a bit of rain",,,,,,,,,,,,
,2,23.3,8.40,51.30,33.15,8.04,people:,"Sue Ellingsen, Gina",,,,,,,,,,,,
,3,22.2,8.90,50.90,33.15,8.40,air temp (C):, 	22.4 ,,,,,,,,,,,,
,4,20.5,9.23,50.60,33.15,8.19,secchi 1 (m):, 	4.7 ,,,,,,,,,,,,
,5,18.4,10.04,50.00,32.50,8.08,secchi 2 (m):, 	4.4 ,,,,,,,,,,,,
,6,14.1,12.29,49.20,31.85,7.80,Nitrogen (ug/L):,,,,,,,,,,,,,
,7,11.8,12.58,48.30,31.20,7.36,Phosporus (ug/L):,,,,,,,,,,,,,
,8,10.2,11.97,48.80,31.85,6.99,,,,,,,,,,,,,,
,9,9.6,8.50,49.20,31.85,6.72,,,,,,,,,,,,,,
,10,9.3,7.10,49.90,32.50,6.64,,,,,,,,,,,,,,
,11,9.0,4.81,50.50,33.15,6.59,,,,,,,,,,,,,,
,12,8.9,3.86,50.80,33.15,6.61,,,,,,,,,,,,,,
,13,8.9,3.46,50.80,33.15,6.67,DATA NOTES,"new probe installed, new calibrating agent",,,,,,,,,,,,
,14,8.9,3.28,51.10,33.15,6.69,,,,,,,,,,,,,,
,15,,,,,,,,,,,,,,,,,,,
,16,,,,,,,,,,,,,,,,,,,
,,,,,,,,,,,,,,,,,,,,
DWH,0,25.0,6.22,51.50,33.80,8.00,date/time:,7/18/23 11:30,,,,,,,,,,,,
,1,25.0,6.69,51.20,33.80,8.08,weather:,"suuny w/clouds, calm",,,,,,,,,,,,
,2,25.0,6.99,51.80,33.80,8.09,people:,"Manuel (FOCI), Gina",,,,,,,,,,,,
,3,25.0,7.30,51.40,33.80,8.02,air temp (C):, 	21.2 ,,,,,,,,,,,,
,4,24.9,7.57,51.20,33.15,8.05,secchi 1 (m):, 	6.1 ,,,,,,,,,,,,
,5,21.9,8.75,49.90,32.50,8.10,secchi 2 (m):, 	5.7 ,,,,,,,,,,,,
,6,17.1,10.95,47.20,31.85,7.96,Nitrogen (ug/L):,,,,,,,,,,,,,
,7,13.1,11.19,47.40,31.20,7.41,Phosporus (ug/L):,,,,,,,,,,,,,
,8,11.9,9.18,47.10,30.55,7.03,,,,,,,,,,,,,,
,9,11.0,6.99,48.80,31.85,6.71,,,,,,,,,,,,,,
,10,10.7,4.07,49.90,31.85,6.65,,,,,,,,,,,,,,
,11,10.3,3.10,50.50,33.15,6.64,,,,,,,,,,,,,,
,12,10.7,2.29,50.60,33.15,6.69,,,,,,,,,,,,,,
,13,10.6,2.20,50.90,33.15,8.66,DATA NOTES,,,,,,,,,,,,,
,14,,,,,,,,,,,,,,,,,,,
,15,,,,,,,,,,,,,,,,,,,
,16,,,,,,,,,,,,,,,,,,,
,,,,,,,,,,,,,,,,,,,,
DWH,0,21.3,5.65,52.80,34.45,8.13,date/time:,8/23/23 11:00,,,,,,,,,,,,
,1,21.3,6.60,52.80,34.45,8.14,weather:,nice and sunny,,,,,,,,,,,,
,2,21.3,7.05,52.80,34.45,8.14,people:,"Sue Ellingsen, Gina",,,,,,,,,,,,
,3,21.2,7.42,52.70,34.45,8.13,air temp (C):, 	18.2 ,,,,,,,,,,,,
,4,21.1,7.63,52.70,34.45,8.13,secchi 1 (m):, 	5.2 ,,,,,,,,,,,,
,5,21.0,7.75,52.70,34.45,6.13,secchi 2 (m):, 	4.8 ,,,,,,,,,,,,
,6,21.0,7.88,52.70,34.45,8.11,Nitrogen (ug/L):,,,,,,,,,,,,,
,7,16.0,10.41,51.10,33.15,7.58,Phosporus (ug/L):,,,,,,,,,,,,,
,8,12.5,9.48,49.70,32.50,7.12,,,,,,,,,,,,,,
,9,10.8,5.46,50.80,33.15,6.64,,,,,,,,,,,,,,
,10,10.5,3.68,52.80,34.45,6.59,,,,,,,,,,,,,,
,11,9.7,1.62,55.50,35.75,6.67,,,,,,,,,,,,,,
,12,9.5,1.47,56.50,37.05,6.73,,,,,,,,,,,,,,
,13,9.5,1.40,58.40,37.70,6.81,DATA NOTES,"after that, longer break due to vacations",,,,,,,,,,,,
,14,,,,,,,,,,,,,,,,,,,
,15,,,,,,,,,,,,,,,,,,,
,16,,,,,,,,,,,,,,,,,,,
,,,,,,,,,,,,,,,,,,,,
DWH,0,11.3,10.61,50.10,32.50,7.59,date/time:,11/13/23 11:30,,,,,,,,,,,,
,1,11.3,10.43,50.20,32.50,7.62,weather:,"sunny, calm, light clouds",,,,,,,,,,,,
,2,10.9,10.27,49.90,32.50,7.62,people:,"Carrie, Gina",,,,,,,,,,,,
,3,11.5,9.85,50.20,32.50,7.62,air temp (C):, 	11.0 ,,,,,,,,,,,,
,4,11.5,10.07,50.10,32.50,7.62,secchi 1 (m):, 	5.0 ,,,,,,,,,,,,
,5,11.1,9.88,49.60,32.50,7.62,secchi 2 (m):, 	5.2 ,,,,,,,,,,,,
,6,11.1,9.97,49.90,32.50,7.62,Nitrogen (ug/L):,,,,,,,,,,,,,
,7,11.2,9.87,50.00,32.50,7.62,Phosporus (ug/L):,,,,,,,,,,,,,
,8,11.3,9.85,50.00,32.50,7.62,,,,,,,,,,,,,,
,9,11.0,9.84,50.00,32.50,7.62,DATA NOTES,,,,,,,,,,,,,
,10,11.2,9.92,50.00,32.50,7.62,,,,,,,,,,,,,,
,11,11.1,9.85,49.90,32.50,7.62,,,,,,,,,,,,,,
,12,11.3,9.81,49.80,32.50,7.62,,,,,,,,,,,,,,
,13,11.3,9.91,50.00,32.50,7.62,,,,,,,,,,,,,,
,14,11.2,9.83,49.90,32.50,7.61,,,,,,,,,,,,,,
,15,,,,,,,,,,,,,,,,,,,
,16,,,,,,,,,,,,,,,,,,,
,,,,,,,,,,,,,,,,,,,,
DWH,0,7.9,13.45,50.00,32.50,7.05,date/time:,12/23/23 13:45,,,,,,,,,,,,
,1,7.9,12.40,49.50,32.50,7.10,weather:,not noted,,,,,,,,,,,,
,2,7.5,12.70,49.90,32.50,7.11,people:,"Gina, Ziemek",,,,,,,,,,,,
,3,7.5,12.05,49.90,32.50,7.12,air temp (C):, 	7.7 ,,,,,,,,,,,,
,4,7.5,12.00,50.00,32.50,7.12,secchi 1 (m):, 	5.4 ,,,,,,,,,,,,
,5,7.5,12.40,49.90,32.50,7.12,secchi 2 (m):, 	5.2 ,,,,,,,,,,,,
,6,7.5,12.20,49.90,32.50,7.13,Nitrogen (ug/L):,,,,,,,,,,,,,
,7,7.5,12.50,50.00,32.50,7.12,Phosporus (ug/L):,,,,,,,,,,,,,
,8,7.5,11.92,49.70,32.50,7.12,,,,,,,,,,,,,,
,9,7.5,12.14,50.50,32.50,7.12,DATA NOTES,,,,,,,,,,,,,
,10,7.7,11.90,49.40,32.50,7.13,,,,,,,,,,,,,,
,11,7.8,11.98,52.00,32.50,7.13,,,,,,,,,,,,,,
,12,7.9,11.90,50.00,31.95,7.12,,,,,,,,,,,,,,
,13,7.9,11.98,49.60,32.50,7.12,,,,,,,,,,,,,,
,14,7.9,11.90,50.20,32.50,7.13,,,,,,,,,,,,,,
,15,,,,,,,,,,,,,,,,,,,
,16,,,,,,,,,,,,,,,,,,,
,,,,,,,,,,,,,,,,,,,,
2024,,,,,,,,,,,,,,,,,,,,
,,,,,,,,,,,,,,,,,,,,
DWH,0,6.0,14.97,48.30,31.85,6.90,date/time:,2/12/24 10:30,,,,,,,,,,,,
,1,6.2,14.46,47.90,31.20,6.93,weather:,"calm, sunny",,,,,,,,,,,,
,2,6.3,13.40,48.60,31.20,6.95,people:,"Carrie, Gina",,,,,,,,,,,,
,3,6.1,13.25,48.50,31.20,6.97,air temp (C):, 	6.8 ,,,,,,,,,,,,
,4,6.1,12.65,48.60,31.20,6.97,secchi 1 (m):, 	3.9 ,,,,,,,,,,,,
,5,6.1,12.87,48.20,31.20,6.98,secchi 2 (m):, 	4.3 ,,,,,,,,,,,,
,6,6.4,12.45,48.40,31.85,6.98,Nitrogen (ug/L):,,,,,,,,,,,,,
,7,6.2,12.62,48.00,31.20,6.99,Phosporus (ug/L):,,,,,,,,,,,,,
,8,6.2,12.45,48.20,31.20,7.00,,,,,,,,,,,,,,
,9,6.2,12.56,48.40,31.20,7.00,DATA NOTES,,,,,,,,,,,,,
,10,6.4,12.32,48.00,31.20,7.00,,,,,,,,,,,,,,
,11,6.3,12.25,48.20,31.20,7.00,,,,,,,,,,,,,,
,12,6.3,12.25,48.20,31.20,6.99,,,,,,,,,,,,,,
,13,6.4,12.29,48.10,31.20,7.00,,,,,,,,,,,,,,
,14,6.4,11.90,48.20,31.20,7.01,,,,,,,,,,,,,,
,15,,,,,,,,,,,,,,,,,,,
,16,,,,,,,,,,,,,,,,,,,
,,,,,,,,,,,,,,,,,,,,
DWH,0,10.5,13.08,49.00,31.85,7.38,date/time:,4/3/24 11:30,,,,,,,,,,,,
,1,9.8,13.21,48.80,31.85,7.42,weather:,"sunny, light breeze",,,,,,,,,,,,
,2,9.6,13.10,48.80,31.85,7.45,people:,"Carrie, Gina",,,,,,,,,,,,
,3,9.6,13.11,48.40,31.85,7.41,air temp (C):, 	12.4 ,,,,,,,,,,,,
,4,9.3,12.76,49.00,31.85,7.38,secchi 1 (m):, 	3.3 ,,,,,,,,,,,,
,5,7.6,13.26,49.10,31.85,7.12,secchi 2 (m):, 	3.6 ,,,,,,,,,,,,
,6,6.8,12.65,49.30,31.85,6.95,Nitrogen (ug/L):,,,,,,,,,,,,,
,7,5.9,12.77,49.40,31.85,6.76,Phosporus (ug/L):,,,,,,,,,,,,,
,8,5.8,12.55,49.30,31.85,6.55,,,,,,,,,,,,,,
,9,5.7,12.40,49.40,31.85,6.56,DATA NOTES,,,,,,,,,,,,,
,10,5.7,12.47,49.40,31.85,6.56,,,,,,,,,,,,,,
,11,5.7,12.36,49.70,31.85,6.58,,,,,,,,,,,,,,
,12,5.7,12.45,49.40,31.85,6.59,,,,,,,,,,,,,,
,13,5.7,10.06,49.40,31.85,6.62,,,,,,,,,,,,,,
,14,5.6,12.22,49.40,31.85,6.63,,,,,,,,,,,,,,
,15,,,,,,,,,,,,,,,,,,,
,16,,,,,,,,,,,,,,,,,,,
,,,,,,,,,,,,,,,,,,,,
DWH,0,14.7,10.97,48.80,31.85,7.75,date/time:,5/7/24 11:30,,,,,,,,,,,,
,1,14.7,11.00,49.10,31.85,7.84,weather:,"sunny, cold wind",,,,,,,,,,,,
,2,14.6,10.94,49.10,31.85,7.85,people:,"Carrie, Gina",,,,,,,,,,,,
,3,14.1,11.44,49.10,31.85,7.79,air temp (C):, 	12.0 ,,,,,,,,,,,,
,4,13.0,11.49,49.00,31.85,7.64,secchi 1 (m):, 	3.3 ,,,,,,,,,,,,
,5,11.3,11.34,49.00,31.85,7.22,secchi 2 (m):, 	3.5 ,,,,,,,,,,,,
,6,10.5,10.82,48.40,31.85,7.11,Nitrogen (ug/L):,,,,,,,,,,,,,
,7,10.0,9.96,48.20,31.85,6.89,Phosporus (ug/L):,,,,,,,,,,,,,
,8,8.6,9.24,48.00,31.20,6.71,,,,,,,,,,,,,,
,9,8.7,8.08,48.50,31.85,6.57,DATA NOTES,slight algae smell initial breath,,,,,,,,,,,,
,10,8.6,7.84,48.60,31.20,5.52,,tap water was smelling since mid-april,,,,,,,,,,,,
,11,8.7,7.54,48.60,31.85,6.49,,"Hague Lake water was brown in april, mid-april",,,,,,,,,,,,
,12,8.7,7.26,48.70,31.85,6.45,,,,,,,,,,,,,,
,13,8.5,7.06,48.70,31.85,6.25,,,,,,,,,,,,,,
,14,,,,,,,,,,,,,,,,,,,
,15,,,,,,,,,,,,,,,,,,,
,16,,,,,,,,,,,,,,,,,,,
,,,,,,,,,,,,,,,,,,,,
DWH,0,19.5,8.38,49.80,33.50,7.51,date/time:,6/13/24 11:30,,,,,,,,,,,,
,1,18.6,9.94,49.60,33.50,7.62,weather:,"cool, sunny, calm",,,,,,,,,,,,
,2,18.5,8.91,49.60,33.50,767.00,people:,"Carrie, Gina",,,,,,,,,,,,
,3,18.4,8.73,49.60,33.50,7.69,air temp (C):, 	19.1 ,,,,,,,,,,,,
,4,18.1,9.01,49.50,33.50,7.70,secchi 1 (m):, 	4.9 ,,,,,,,,,,,,
,5,16.7,9.61,49.40,31.85,7.74,secchi 2 (m):, 	5.9 ,,,,,,,,,,,,
,6,15.2,9.52,49.60,32.50,7.52,Nitrogen (ug/L):,,,,,,,,,,,,,
,7,15.4,8.37,50.10,32.50,6.87,Phosporus (ug/L):,,,,,,,,,,,,,
,8,10.5,6.52,51.30,33.15,6.33,,,,,,,,,,,,,,
,9,8.5,4.21,52.50,34.45,6.15,DATA NOTES,,,,,,,,,,,,,
,10,8.2,3.31,52.70,35.10,6.14,,,,,,,,,,,,,,
,11,8.0,2.72,54.40,35.10,6.18,,,,,,,,,,,,,,
,12,8.0,2.55,54.70,35.75,6.24,,,,,,,,,,,,,,
,13,8.0,2.45,54.80,35.75,6.25,,,,,,,,,,,,,,
,14,7.9,1.78,56.50,36.40,6.27,,,,,,,,,,,,,,
,15,,,,,,,,,,,,,,,,,,,
,16,,,,,,,,,,,,,,,,,,,
,,,,,,,,,,,,,,,,,,,,
DWH,0,24.8,4.47,51.90,33.80,7.59,date/time:,7/18/24 10:30,,,,,,,,,,,,
,1,24.7,5.54,51.90,33.80,7.57,weather:,"very hot, calm, sunny",,,,,,,,,,,,
,2,24.4,6.41,51.80,33.80,7.59,people:,"Sue, Gina",,,,,,,,,,,,
,3,23.1,7.10,51.60,33.80,7.56,air temp (C):, 	25.4 ,,,,,,,,,,,,
,4,22.7,7.42,51.40,33.15,7.55,secchi 1 (m):, 	5.5 ,,,,,,,,,,,,
,5,21.2,7.91,51.00,33.15,7.47,secchi 2 (m):, 	5.5 ,,,,,,,,,,,,
,6,17.0,8.84,50.70,33.15,6.94,Nitrogen (ug/L):,,,,,,,,,,,,,
,7,13.9,7.97,51.50,33.15,6.43,Phosporus (ug/L):,,,,,,,,,,,,,
,8,11.1,5.25,53.40,33.45,6.08,,,,,,,,,,,,,,
,9,9.5,2.85,55.90,33.40,6.05,DATA NOTES,,,,,,,,,,,,,
,10,9.0,1.83,60.40,39.65,6.12,,,,,,,,,,,,,,
,11,8.7,1.70,64.50,42.25,6.23,,,,,,,,,,,,,,
,12,8.6,1.62,65.00,42.25,6.29,,,,,,,,,,,,,,
,13,8.6,1.57,65.60,42.90,6.33,,,,,,,,,,,,,,
,14,,,,,,,,,,,,,,,,,,,
,15,,,,,,,,,,,,,,,,,,,
,16,,,,,,,,,,,,,,,,,,,
,,,,,,,,,,,,,,,,,,,,
DWH,0,24.5,6.52,51.60,32.15,7.60,date/time:,8/14/24 10:30,,,,,,,,,,,,
,1,24.5,6.25,51.40,32.15,7.60,weather:,"hot, cloudy, calm",,,,,,,,,,,,
,2,24.6,6.66,51.30,32.15,7.58,people:,"Gina, Xavier Lee (FOCI)",,,,,,,,,,,,
,3,24.4,6.76,51.40,32.15,7.66,air temp (C):, 	21.2 ,,,,,,,,,,,,
,4,24.6,6.79,51.30,32.15,7.60,secchi 1 (m):, 	4.0 ,,,,,,,,,,,,
,5,23.7,7.38,51.20,32.15,7.55,secchi 2 (m):, 	5.0 ,,,,,,,,,,,,
,6,20.5,7.90,50.00,32.50,7.07,Nitrogen (ug/L):,,,,,,,,,,,,,
,7,16.5,6.25,59.50,32.15,6.23,Phosporus (ug/L):,,,,,,,,,,,,,
,8,13.9,4.90,50.10,34.45,6.03,,,,,,,,,,,,,,
,9,11.5,1.80,54.00,34.75,5.98,DATA NOTES,,,,,,,,,,,,,
,10,10.2,1.41,52.30,40.30,6.20,,,,,,,,,,,,,,
,11,10.2,1.60,64.00,42.25,6.20,,,,,,,,,,,,,,
,12,10.0,1.35,55.00,42.25,6.23,,,,,,,,,,,,,,
,13,10.0,1.24,65.50,42.25,6.37,,,,,,,,,,,,,,
,14,9.9,1.23,68.50,44.85,6.44,,,,,,,,,,,,,,
,15,,,,,,,,,,,,,,,,,,,
,16,,,,,,,,,,,,,,,,,,,
,,,,,,,,,,,,,,,,,,,,
DWH,0,22.4,6.25,51.00,33.15,7.46,date/time:,9/11/24 13:30,,,,,,,,,,,,
,1,22.6,6.67,51.30,33.15,6.48,weather:,"some clouds, breeze",,,,,,,,,,,,
,2,22.4,6.81,51.10,33.15,7.45,people:,"Norleen, Gina",,,,,,,,,,,,
,3,21.9,7.02,51.10,33.15,7.47,air temp (C):,24.5,,,,,,,,,,,,
,4,21.9,7.05,51.00,33.15,7.51,secchi 1 (m):,5.00,,,,,,,,,,,,
,5,21.9,7.42,51.00,33.15,7.50,secchi 2 (m):,5.5,,,,,,,,,,,,
,6,21.9,7.33,51.00,33.15,7.25,Nitrogen (ug/L):,,,,,,,,,,,,,
,7,18.0,6.35,51.10,33.15,6.51,Phosporus (ug/L):,,,,,,,,,,,,,
,8,14.7,3.85,52.80,34.45,6.00,,,,,,,,,,,,,,
,9,12.5,1.91,54.20,35.75,5.97,DATA NOTES,,,,,,,,,,,,,
,10,11.3,1.71,64.50,42.25,6.17,,,,,,,,,,,,,,
,11,10.7,1.60,67.20,44.55,6.23,,,,,,,,,,,,,,
,12,10.3,1.58,68.00,44.20,6.34,,,,,,,,,,,,,,
,13,10.4,1.58,68.50,44.20,6.39,,,,,,,,,,,,,,
,14,10.7,1.55,69.70,44.85,6.45,,,,,,,,,,,,,,
,15,,,,,,,,,,,,,,,,,,,
,16,,,,,,,,,,,,,,,,,,,
,,,,,,,,,,,,,,,,,,,,
DWH,0,16.0,4.80,50.90,33.15,7.35,date:,10/13/24 15:00,,,,,,,,,,,,
,1,16.1,5.71,51.00,33.15,7.22,time:,03:00:00 PM,,,,,,,,,,,,
,2,16.3,6.31,50.60,33.15,7.15,weather:,"partly cloudy, calm",,,,,,,,,,,,
,3,16.1,7.10,50.80,33.15,7.16,people:,"Gina, Wisia (Gina's daughter)",,,,,,,,,,,,
,4,16.1,7.42,51.10,33.15,7.15,air temp (C):, 	19.7 ,,,,,,,,,,,,
,5,16.3,7.91,50.70,33.15,7.14,secchi 1 (m):, 	5.2 ,,,,,,,,,,,,
,6,16.0,8.01,50.90,33.15,7.13,secchi 2 (m):, 	6.7 ,,,,,,,,,,,,
,7,16.1,8.11,50.90,33.15,7.13,Nitrogen (ug/L):,,,,,,,,,,,,,
,8,16.0,8.41,51.20,33.15,7.11,Phosporus (ug/L):,,,,,,,,,,,,,
,9,15.9,8.31,50.70,33.15,7.05,,,,,,,,,,,,,,
,10,11.9,4.14,70.10,33.15,6.47,DATA NOTES,,,,,,,,,,,,,
,11,11.7,2.00,72.50,47.45,6.39,,,,,,,,,,,,,,
,12,10.5,1.81,73.30,47.10,6.39,,,,,,,,,,,,,,
,13,10.3,1.69,74.90,49.40,6.43,,,,,,,,,,,,,,
,14,10.5,1.67,76.80,50.50,6.46,,,,,,,,,,,,,,
,15,,,,,,,,,,,,,,,,,,,
,16,,,,,,,,,,,,,,,,,,,
,,,,,,,,,,,,,,,,,,,,
DWH,0,7.0,11.15,50.80,33.15,6.88,date/time:,12/19/24 11:30,,,,,,,,,,,,
,1,11.0,10.97,50.90,33.15,6.94,weather:,"rainy, clam",,,,,,,,,,,,
,2,11.0,10.76,50.90,33.15,6.95,people:,"Gina, Ziemek (Gina's son)",,,,,,,,,,,,
,3,11.0,10.50,50.80,33.15,6.97,air temp (C):, 	6.9 ,,,,,,,,,,,,
,4,11.0,10.45,50.90,33.15,6.98,secchi 1 (m):, 	4.0 ,,,,,,,,,,,,
,5,11.0,10.34,50.90,33.15,6.99,secchi 2 (m):, 	4.8 ,,,,,,,,,,,,
,6,11.0,10.36,50.80,33.15,6.99,Nitrogen (ug/L):,,,,,,,,,,,,,
,7,11.0,10.24,50.90,33.15,7.01,Phosporus (ug/L):,,,,,,,,,,,,,
,8,11.0,10.27,50.80,33.15,7.01,,,,,,,,,,,,,,
,9,11.0,10.28,50.80,33.15,7.01,DATA NOTES,unpleasant weather following this date,,,,,,,,,,,,
,10,11.0,10.30,50.90,33.15,6.99,,,,,,,,,,,,,,
,11,11.0,10.21,50.80,33.15,7.00,,,,,,,,,,,,,,
,12,11.0,10.15,50.80,33.15,7.00,,,,,,,,,,,,,,
,13,11.0,10.23,50.90,33.15,7.01,,,,,,,,,,,,,,
,14,11.0,10.26,50.90,33.15,7.00,,,,,,,,,,,,,,
,15,,,,,,,,,,,,,,,,,,,
,16,,,,,,,,,,,,,,,,,,,
,,,,,,,,,,,,,,,,,,,,
2024,,,,,,,,,,,,,,,,,,,,
,,,,,,,,,,,,,,,,,,,,
DWH,0,6.1,19.76,49.80,32.50,6.39,date/time:,2025/03/02,,,,,,,,,,,,
,1,6.1,13.69,50.00,32.50,7.00,weather:,Date: March 2,,,,,,,,,,,,
,2,5.7,13.83,50.00,32.50,7.00,people:,Time: 15:15,,,,,,,,,,,,
,3,5.6,13.50,49.90,32.50,6.88,air temp (C):,Air: 8.5Â°C,,,,,,,,,,,,
,4,5.0,13.50,48.30,32.50,6.88,secchi 1 (m):,"Who: Carrie, Gina",,,,,,,,,,,,
,5,5.0,13.23,50.10,32.50,6.57,secchi 2 (m):,"Weather: Sunny, light breeze, some clouds",,,,,,,,,,,,
,6,5.1,13.26,50.10,32.50,6.55,Nitrogen (ug/L):,"Secchi: 4.0, 4.10",,,,,,,,,,,,
,7,5.0,13.15,4.00,4.00,6.55,Phosporus (ug/L):,,,,,,,,,,,,,
,8,5.0,13.21,4.00,4.00,6.52,,,,,,,,,,,,,,
,9,5.0,12.82,4.20,4.00,6.51,DATA NOTES,"Note: Lakes were partly frozen, mid-Feb thin ice",,,,,,,,,,,,
,10,5.0,12.83,4.20,4.00,6.51,,,,,,,,,,,,,,
,11,5.0,12.81,4.20,4.00,6.68,,,,,,,,,,,,,,
,12,5.0,12.51,4.30,4.00,6.68,,,,,,,,,,,,,,
,13,4.0,12.38,4.80,4.00,6.68,,,,,,,,,,,,,,
,14,4.0,10.88,30.50,31.15,6.85,,,,,,,,,,,,,,
,15,,,,,,,,,,,,,,,,,,,
,16,,,,,,,,,,,,,,,,,,,
,,,,,,,,,,,,,,,,,,,,
DWH,0,16.6,9.77,49.90,31.85,7.37,date/time:,2025/06/01,,,,,,,,,,,,
,1,16.6,9.82,49.00,31.85,7.44,time,12:00 PM,,,,,,,,,,,,
,2,16.5,9.78,49.00,31.85,7.47,weather:,Lightning partly cloudy,,,,,,,,,,,,
,3,16.5,9.78,48.90,31.85,7.47,people:,Gina & Ziemek,,,,,,,,,,,,
,4,16.5,9.74,49.00,31.85,7.48,air temp (C):,15.0,,,,,,,,,,,,
,5,15.3,10.70,48.10,31.85,7.43,secchi 1 (m):,4.40,,,,,,,,,,,,
,6,12.7,10.92,49.00,31.85,7.39,secchi 2 (m):,4.40,,,,,,,,,,,,
,7,11.7,10.51,49.00,31.85,6.95,Nitrogen (ug/L):,,,,,,,,,,,,,
,8,9.4,9.76,49.50,31.85,6.80,Phosporus (ug/L):,,,,,,,,,,,,,
,9,8.1,8.76,49.50,31.85,6.61,,,,,,,,,,,,,,
,10,8.5,7.65,49.70,32.50,6.44,DATA NOTES,,,,,,,,,,,,,
,11,8.3,7.41,49.70,32.50,6.41,,,,,,,,,,,,,,
,12,8.3,7.42,49.80,32.50,6.41,,,,,,,,,,,,,,
,13,8.3,7.09,49.10,32.50,6.41,,,,,,,,,,,,,,
,14,8.3,6.92,50.40,32.50,6.35,,,,,,,,,,,,,,
,15,,,,,,,,,,,,,,,,,,,
,16,,,,,,,,,,,,,,,,,,,